Chr,Start,End,Type,SIFT_pred,Polyphen2_HDIV_pred,Polyphen2_HVAR_pred,LRT_pred,MutationTaster_pred,MutationAssessor_pred,FATHMM_pred,RadialSVM_pred,LR_pred,VEST3_score,CADD_phred,GERP++_RS,phyloP46way_placental,phyloP100way_vertebrate,SiPhy_29way_logOdds,CDTS_1st,CDTS_5th,gain_freq_AFR,gain_freq_AMR,gain_freq_ASJ,gain_freq_EAS,gain_freq_FIN,gain_freq_NFE,gain_freq_OTH,gain_freq_SAS,gain_freq_UKN,loss_freq_AFR,loss_freq_AMR,loss_freq_ASJ,loss_freq_EAS,loss_freq_FIN,loss_freq_NFE,loss_freq_OTH,loss_freq_SAS,loss_freq_UKN,gain.freq,loss.freq,pELS,CTCF-bound,PLS,dELS,CTCF-only,DNase-H3K4me3,pLI,Episcore,GHIS,Type,Length,MVP_score
2,1000000,2000000,gain,0.528423553368403,0.56431359239776,0.449770914644494,0.586797895808586,0,0,0.0336840319022569,0.216697777023587,0.207873748515188,0.53843704395045,17.4704502799932,2.69545078907178,1.16249134566435,4.00142609876124,12.1482630324113,0.00900999099000901,0.0415899584100416,0,0,0,0,0,0,0,0,5.93921216350651e-05,0,0,0,0,0,0,0,0,4.45440912262988e-05,4.54881446523e-05,3.4116108489225e-05,0.00207099792900207,0,0.000667999332000668,0.0276839723160277,0.00880699119300881,0.00125299874700125,0.999964,0.5117,0.628482326,1,1000001,0.233606144785881
