Chr,Start,End,Type,SIFT_pred,Polyphen2_HDIV_pred,Polyphen2_HVAR_pred,LRT_pred,MutationTaster_pred,MutationAssessor_pred,FATHMM_pred,RadialSVM_pred,LR_pred,VEST3_score,CADD_phred,GERP++_RS,phyloP46way_placental,phyloP100way_vertebrate,SiPhy_29way_logOdds,CDTS_1st,CDTS_5th,gain_freq_AFR,gain_freq_AMR,gain_freq_ASJ,gain_freq_EAS,gain_freq_FIN,gain_freq_NFE,gain_freq_OTH,gain_freq_SAS,gain_freq_UKN,loss_freq_AFR,loss_freq_AMR,loss_freq_ASJ,loss_freq_EAS,loss_freq_FIN,loss_freq_NFE,loss_freq_OTH,loss_freq_SAS,loss_freq_UKN,gain.freq,loss.freq,pELS,CTCF-bound,PLS,dELS,CTCF-only,DNase-H3K4me3,pLI,Episcore,GHIS,Type,Length,MVP_score
22,18894835,21798755,loss,0.515929415020061,0.483743569748576,0.369502056422705,0.477806985548442,0,0,0.115184826493265,0.159445080307394,0.165255889418542,0.488117172072899,18.2233441206435,2.09502169561171,1.12524669525954,3.22532893959023,9.77466486598664,0.0224282960865671,0.074234113118091,0,0,0,0,0,0.000899118863513757,0,0,0.00175206758823442,0.00467289719626168,0.00112485939257593,0,0.000946073793755913,0,0.000719295090811005,0.00769230769230769,0,0.00469197760917014,0.0014556206288736,0.0038210041507932,0.0164894292923258,0,0.00607695595024796,0.0307983584952896,0.00293637464655547,0.00109507111247172,0.9999982,0.8616,0.734632543,0,2903921,0.839559257030487
